	optimal	mean	sd	median	CI_2.5	CI_97.5
X_0	0.019821278664450825	0.020332545347466105	0.00211123465873886	0.020378235694819596	0.016321464548485286	0.024437800055734038
mu	0.6449976976644697	0.6406649026476466	0.02033523167989749	0.6399508326282166	0.6031347778699248	0.6846435132149311
Glc_q	-6.793948932419026	-6.8321294103613335	0.3489094577765364	-6.859033131047301	-7.442967159633212	-6.110613522828935
Glc_M0	13.886578100388485	13.93276345152388	0.17384325719225396	13.939277389925664	13.61732394026051	14.287087737348251
Ace_q	2.610283987995981	2.670598774505059	0.38445692342237625	2.7155168269501626	1.777659707622841	3.3619017252234316
Ace_M0	0.26517422559369924	0.24970823093407465	0.20219988426679378	0.21935635885588045	1e-06	0.7223533432213737
